Time (s),ESC signal (µs),Servo 1 (µs),Servo 2 (µs),Servo 3 (µs),AccX (g),AccY (g),AccZ (g),Torque (N·m),Thrust (N),Voltage (V),Current (A),Motor Electrical Speed (RPM),Motor Optical Speed (RPM),Electrical Power (W),Mechanical Power (W),Motor Efficiency (%),Propeller Mech. Efficiency (N/W),Overall Efficiency (N/W),Vibration (g),App message,
0.22037799999999916,1000,,,,-0.06171875,0.03193359375,-0.990234375,-0.0017907169290443264,0.06776099838147824,16.78092384338379,0.42789229154586794,0,0,7.180431222043697,0,0,0,0,0.060546875,,
0.23767375000000027,1000,,,,-0.0625,0.0314453125,-0.9884765625,-0.0018580091717624997,0.06856047642472764,16.780809593200683,0.4288624569773674,0,0,7.196658922574775,0,0,0,0,0.06044921875,,
0.7428942499999998,1000,,,,-0.0625,0.031640625,-0.98642578125,-0.0018002044900441417,0.06691488319589717,16.78078203201294,0.42791845053434374,0,0,7.180806844170379,0,0,0,0,0.05859375,,
1.2376044999999993,1000,,,,-0.0625,0.03232421875,-0.98740234375,-0.0018379318761869794,0.06761720975737716,16.78094310760498,0.43007095754146574,0,0,7.216996434744959,0,0,0,0,0.05859375,,
1.7372664999999987,1000,,,,-0.0625,0.0318359375,-0.98818359375,-0.0018535740905943204,0.06826027059166602,16.78029613494873,0.4289851114153862,0,0,7.198496839245959,0,0,0,0,0.05859375,,
2.2309979999999987,1000,,,,-0.0625,0.03212890625,-0.9904296875,-0.0018128678296359987,0.06633035419077583,16.780699634552,0.4299700066447258,0,0,7.215195446303528,0,0,0,0,0.05859375,,
2.724672749999999,1000,,,,-0.0625,0.03232421875,-0.98857421875,-0.001853820361176671,0.06833116791017503,16.78101816177368,0.42753528505563737,0,0,7.1744789144652374,0,0,0,0,0.05859375,,
3.21613875,1000,,,,-0.0625,0.03193359375,-0.98984375,-0.0018079017481739735,0.06690084220352056,16.78089084625244,0.4275761678814888,0,0,7.175113647015285,0,0,0,0,0.0591796875,,
3.7128277499999998,1135,,,,-0.06376953125,0.02177734375,-0.9958984375,0.0020578352170025497,0.09522488868030789,16.76672954559326,0.8102681487798691,1247,1100,13.569188441069159,0.41131209785186523,3.349164846471966,0.10115021522392399,0.004977030502789029,0.08564453125,,
4.212647249999999,1150,,,,-0.083203125,0.0455078125,-1.0087890625,-0.0008202454999990451,0.14673381225845983,16.771360015869142,0.6760767370462417,3317,3317,11.33870606371973,0.2878028730037848,2.5296407023538565,0.45981774085742294,0.012972473799561903,0.17236328125,,
4.695589250000001,1154.2278750000003,,,,-0.08212890625,0.07705078125,-1.00634765625,-0.0003329282168939414,0.15040256847857886,16.770604515075682,0.6937125027179718,3424,3414,11.633962357665553,0.16706738782323508,1.464208093244819,0.22988178884367466,0.012929650452350125,0.24443359375,,
5.15780075,1165.6512749999997,,,,-0.05751953125,-0.00830078125,-1.001171875,0.0002741919968979022,0.18229528410162135,16.767003536224365,0.7637983083724975,3957,3942,12.806582838853512,0.15978456355098727,1.2566937122955435,0.19218884983232745,0.01423128578587431,0.25205078125,,
5.632630000000001,1177.5027562500002,,,,-0.05732421875,0.01083984375,-0.99306640625,0.000689875769344877,0.21835100164586532,16.76449375152588,0.8416617244482041,4518,4506,14.110008682180261,0.3278350763274598,2.348499492788458,0.520514248759703,0.01547510304540886,0.26474609375,,
6.099961500000001,1189.2011374999997,,,,-0.0537109375,0.017578125,-0.9984375,0.0012382380732117151,0.2609580745285836,16.761819553375243,0.9032040596008301,5055,5044,15.13932739329736,0.6578095743896755,4.346663711908844,0.4328116626183781,0.017245458483472902,0.29736328125,,
6.5746325,1201.0515812500003,,,,-0.0291015625,-0.07255859375,-0.9896484375,0.001776779849567829,0.31234810662690776,16.759423446655273,0.9666428387165069,5638,5628,16.20031583153152,1.0494499259192556,6.487070270048162,0.3092872236148127,0.019304686479616612,0.3087890625,,
7.04567775,1212.82253125,,,,-0.079296875,-0.04990234375,-0.98720703125,0.00230453254773425,0.3676797665388155,16.756199073791503,1.0548924058675766,6174,6166,17.67589794645911,1.4915034408110293,8.480430565303369,0.26101360764694914,0.020848694984251914,0.37724609375,,
7.52058575,1224.7303875000002,,,,-0.0798828125,-0.03330078125,-0.9849609375,0.0027614226347112804,0.4299052767649791,16.751454257965086,1.1697030425071717,6723,6714,19.594092609097252,1.943633878544193,9.96343844797059,0.23446658827425668,0.022011554715186447,0.42294921875,,
7.985859500000001,1236.3413375,,,,-0.03408203125,-0.02998046875,-0.99775390625,0.0034148328171408953,0.4921867294065289,16.747622966766357,1.2428593575954436,7240,7235,20.814868460028528,2.589264351296042,12.437366790704711,0.1937579834168638,0.023673598551789927,0.4904296875,,
8.457201500000002,1248.1233875,,,,-0.0341796875,-0.03583984375,-0.99541015625,0.004113111146675871,0.5662009405161652,16.74268627166748,1.3562520384788512,7755,7747,22.70731295821423,3.3403569498163015,14.728828773150877,0.1713914304118128,0.024974407480358854,0.5259765625,,
8.93288625,1260.011975,,,,-0.05234375,0.02744140625,-0.99248046875,0.004877693004881303,0.6404461217962572,16.737201118469237,1.4580087840557099,8269,8263,24.40294489876336,4.223548430251252,17.34225335024949,0.15269754236807895,0.026290641894121055,0.5248046875,,
9.404218,1271.8095562500002,,,,-0.1259765625,-0.000390625,-1.034765625,0.005506903678066637,0.7060490445742919,16.732755374908447,1.6097920835018158,8760,8754,26.936220536766996,5.049619413842339,18.766629084724368,0.1403147144753642,0.02625391453376445,0.537109375,,
9.874079249999998,1283.5381375,,,,-0.051171875,0.01318359375,-1.0009765625,0.0063474757985054866,0.7854348353315885,16.726748752593995,1.7598286032676698,9204,9264,29.4358654693316,6.160903400169653,21.024041823169714,0.1289422514627057,0.026803895302644404,0.53798828125,,
10.354016750000001,1295.5440124999998,,,,-0.05185546875,0.1111328125,-1.03349609375,0.007164414371810149,0.8697151304797888,16.72063856124878,1.895529079437256,9694,9759,31.694144015876134,7.330145223997566,23.26256185558953,0.12187720689665703,0.027543765831888188,0.525,,
10.82416975,1307.30158125,,,,-0.034765625,-0.0453125,-1.00361328125,0.007840753198656843,0.9494447039961915,16.714027881622314,2.0247468531131743,10243,10239,33.84160571211347,8.41000199080403,24.872506786717757,0.1132867851755309,0.028072301791126308,0.6224609375,,
11.2886795,1318.9236812499998,,,,0.005078125,-0.115234375,-1.0009765625,0.008725354266508965,1.0359429428252913,16.707570552825928,2.1800348281860353,10707,10702,36.422918230688154,9.782998688663513,26.952467990606294,0.10659824533072543,0.02849894694463413,0.74677734375,,
11.760117500000002,1330.6987125,,,,0.00419921875,-0.07783203125,-0.98779296875,0.009555145479729245,1.1232705279624893,16.699847602844237,2.3520377039909364,11164,11158,39.278408389457695,11.170263458769899,28.49261885241853,0.10079059950664299,0.028653182456969444,0.692578125,,
12.235002999999999,1342.5631312499997,,,,-0.05400390625,-0.01083984375,-1.0037109375,0.010218752262041877,1.2066212166395711,16.692481994628906,2.5154128313064574,11597,11594,41.98838817525136,12.412078645426273,29.6224524292365,0.09754285731990843,0.0287924031917961,0.60810546875,,
12.708676750000002,1354.40835625,,,,0.05107421875,0.02060546875,-0.9962890625,0.011293024510665505,1.2992448730107908,16.683092308044433,2.711156928539276,12042,12038,45.230257674585644,14.240249287935296,31.52539823947965,0.09143389749700924,0.028770130491757293,0.5845703125,,
13.179731499999999,1366.1948625,,,,-0.03037109375,-0.03623046875,-0.99560546875,0.01218382492965826,1.401031820863012,16.67619571685791,2.841228663921356,12510,12506,47.380616236424224,15.958935230672413,33.75787568694599,0.08814904383427948,0.029602997942274254,0.84775390625,,
13.655677999999998,1378.07539375,,,,-0.06259765625,0.0078125,-0.983203125,0.013001847018512463,1.4958065808064498,16.665439701080324,3.0204947233200072,12930,12926,50.3368244815711,17.604939199750383,35.143037611153936,0.08554466102215706,0.029825490965714407,0.80478515625,,
14.1322935,1390.00114375,,,,-0.02578125,-0.01123046875,-0.9798828125,0.013809725546353568,1.5883009949662816,16.658855533599855,3.2472854018211366,13154,13343,54.09564876525751,19.299708030171416,35.76383219935065,0.08245436140416045,0.02941916821046053,0.7498046875,,
14.608084999999997,1401.89846875,,,,0.03642578125,0.000390625,-0.97333984375,0.014597417579621371,1.6804342759099578,16.650329399108887,3.4020007729530333,13746,13740,56.64398708605988,21.005195481469006,37.12381915224968,0.08008454907683014,0.029702983014787684,1.09638671875,,
15.082198250000001,1413.73905625,,,,-0.092578125,0.15419921875,-1.03037109375,0.01565332717427278,1.7884956364502271,16.64059896469116,3.6031295537948607,14147,14142,59.958213684815334,23.185358321418516,38.71927535765309,0.07723958675548485,0.02986551899070989,1.16845703125,,
15.55304025,1425.52159375,,,,0.09970703125,-0.2421875,-1.004296875,0.01666704573462429,1.9054682706596109,16.630124378204346,3.7782442808151244,14556,14550,62.8324607115112,25.398962365665717,40.45102299095165,0.07513699197438857,0.030346726626570297,1.22802734375,,
16.02425625,1437.3086375,,,,-0.02900390625,-0.01904296875,-0.962109375,0.017952016498749397,2.00945931506021,16.61909055709839,4.05160231590271,14953,14950,67.33366203673663,28.10852814165431,41.774464654812434,0.07161696676724144,0.029881480602903906,1.165625,,
16.496910750000005,1449.11163125,,,,-0.0958984375,-0.0443359375,-1.00400390625,0.01933819831570515,2.1031152266959277,16.611180305480957,4.307013607025146,15328,15325,71.54449207189373,31.038422054894937,43.4006363974103,0.06778409184387423,0.029410189353493123,0.90244140625,,
16.978911500000002,1461.16305625,,,,-0.0658203125,0.00322265625,-1.00126953125,0.02020859987534246,2.215995389353607,16.598819732666016,4.454852342605591,15622,15728,73.94510230886172,33.285328095074036,45.05372391980656,0.0665849958226802,0.029995796257246223,0.9376953125,,
17.449629499999997,1472.9319624999996,,,,-0.12568359375,-0.58232421875,-0.95400390625,0.021252575005805012,2.337101856499537,16.58677225112915,4.716828870773315,16110,16108,78.23617654349668,35.85424756636547,45.92262669964883,0.06523033659718248,0.029923850455083945,1.52978515625,,
17.931752500000005,1484.9795937499998,,,,-0.0697265625,-0.0052734375,-1.01357421875,0.02241189489595186,2.45497197183259,16.574340915679933,4.9748481750488285,16489,16485,82.45407704440535,38.69676705938771,47.0317404505135,0.06352250635550222,0.029837268100225512,1.5958984375,,
18.417208249999998,1497.10904375,,,,-0.073828125,-0.015625,-1.00576171875,0.023595438489859556,2.5751501272142905,16.56430940628052,5.2671610593795775,16874,16870,87.24638837876664,41.68931926138014,47.85927912099385,0.06180619842486675,0.029560411730721086,1.122265625,,
18.893002000000003,1509.015425,,,,-0.07158203125,0.0306640625,-0.9732421875,0.025220392854957863,2.705159192800811,16.548081874847412,5.561329197883606,17291,17291,92.02910651483703,45.67383878778137,49.72824338371771,0.059287616052773044,0.029452001589810293,0.8478515625,,
19.37445325,1521.0420875000002,,,,-0.08544921875,-0.035546875,-0.996875,0.02630280030431951,2.8368003731635416,16.533699607849123,5.830616760253906,17548,17669,96.40104941115347,48.67475817051938,50.51703442560822,0.05831733450111245,0.02945183325950424,0.75146484375,,
19.856125,1533.0903875000001,,,,-0.07216796875,-0.00849609375,-0.9904296875,0.028021862813220222,2.9851997237143375,16.517290115356445,6.166206002235413,18092,18095,101.84815787355524,53.1056428700407,52.19271374600025,0.056242705945130686,0.029333424208231988,0.70947265625,,
20.334413250000004,1545.0447375000003,,,,-0.0376953125,-0.0138671875,-0.9888671875,0.029212119002254427,3.1149888968364188,16.499019813537597,6.447807669639587,18350,18478,106.38166378403221,56.53140222312983,53.162316844124156,0.05512385438819857,0.029301612053774028,0.72080078125,,
20.80879475,1556.9250749999999,,,,-0.09140625,0.0990234375,-1.028125,0.030840098023108893,3.275507072564453,16.483218574523924,6.859270358085633,18893,18888,113.06224088442768,61.00528651711049,53.96669338075726,0.05370484272719934,0.02898221823875901,1.14619140625,,
21.28519425,1568.822625,,,,0.02294921875,-0.1541015625,-0.9189453125,0.03236205709503588,3.4297763143282767,16.465677547454835,7.1608962059021,19314,19308,117.90869310315574,65.4373456034242,55.526290704494066,0.05242982885509134,0.0291033615332365,1.58359375,,
21.74923625,1580.4303875000003,,,,-0.03681640625,-0.0021484375,-0.99716796875,0.03412065201054555,3.5859531370682345,16.446401023864745,7.617393851280212,19709,19709,125.27790862963698,70.42778157151024,56.23557829246109,0.05093104572211155,0.028632372581502755,1.41484375,,
22.220647500000005,1592.2069625000001,,,,-0.0744140625,0.10810546875,-0.958203125,0.035793607344475245,3.751784180602039,16.425709819793703,8.015092658996583,20149,20137,131.65124570608114,75.49057314388638,57.42839666596391,0.04975671458500588,0.02853523510974391,1.266015625,,
22.693137749999998,1604.0249374999999,,,,-0.0376953125,-0.02880859375,-0.94013671875,0.037518002155877826,3.89367870044874,16.408192443847657,8.470629024505616,20384,20523,138.9867891078032,80.64052383720303,58.03170166533562,0.048300886835013816,0.02802435451060071,1.12529296875,,
23.159659749999996,1615.6910937499997,,,,0.03642578125,0.020703125,-0.95361328125,0.039720887555807306,4.068773292164783,16.387200927734376,8.890786361694335,20920,20925,145.6943179047711,87.04637787543567,59.76222844532786,0.04675520603307922,0.02793839340686347,0.98974609375,,
23.630635250000005,1627.4597937499998,,,,-0.06220703125,-0.0015625,-1.0251953125,0.041677940107231394,4.238616126932656,16.363352966308593,9.40382752418518,21332,21329,153.8774713492092,93.0983548533642,60.517198124818755,0.04553269970038578,0.0275529646292361,0.9453125,,
24.106156500000004,1639.339575,,,,-0.06611328125,0.0248046875,-0.98408203125,0.043167883978256084,4.404463787025486,16.339689826965333,9.908288860321045,21769,21767,161.89640544940366,98.41283449115369,60.80799146026065,0.04477194512821543,0.027218871099643792,0.78720703125,,
24.583727,1651.2859250000001,,,,-0.03662109375,0.02490234375,-1.00400390625,0.0456992502339786,4.594072018754252,16.314716243743895,10.454357290267945,22210,22202,170.557586106854,106.26063020676023,62.316842755143554,0.043252202030129326,0.026947487900105434,0.60947265625,,
25.05426775,1663.0514562499998,,,,-0.07021484375,0.00185546875,-0.9833984375,0.04971088845265939,4.908796847207114,16.263311195373536,11.667050313949584,22617,22934,189.73550137948786,119.44789663941734,62.9509340826409,0.04113640069172538,0.02588885414854302,0.670703125,,
25.52788175,1674.89065,,,,-0.106640625,0.0109375,-0.9783203125,0.05310266160632354,5.305259450340979,16.2237135887146,12.601487922668458,23239,23580,204.4404028591792,131.13851121406358,64.14690184449597,0.04046143698375369,0.02595314803081697,0.8564453125,,
25.998970249999996,1686.6685499999999,,,,-0.3478515625,0.62890625,-1.02236328125,0.05622774487167167,5.5656686245364195,16.184218406677246,13.444025802612305,23863,24034,217.57709635585442,141.5259723161479,65.06728927106094,0.039337699826848545,0.025591344065926554,1.311328125,,
26.480452249999995,1698.7007312500002,,,,-0.16455078125,0.13037109375,-1.04501953125,0.05856037626346925,5.785362984973138,16.145755100250245,14.264806842803955,24454,24454,230.31327010695878,149.96840875441646,65.1252525061937,0.03858235950369345,0.025125901720926404,1.7865234375,,
26.9518835,1710.49014375,,,,-0.05419921875,-0.00693359375,-1.01611328125,0.06114439086980189,6.030599939147792,16.104179477691652,15.20694260597229,24922,24917,244.89170063445218,159.5639277331079,65.16285564011326,0.037807913683242586,0.024630239487801523,2.04775390625,,
27.42571825,1722.33210625,,,,-0.0353515625,0.00703125,-0.99453125,0.0645476317652363,6.341976170931561,16.061930465698243,16.103442096710204,25436,25432,258.6487465212863,171.91466069762242,66.48089001831406,0.03689685415332874,0.024526573274514133,1.8552734375,,
27.899650500000007,1734.1917937500002,,,,-0.0337890625,0.0078125,-0.991015625,0.06633901993811264,6.582203052547287,16.025219631195068,16.820023345947266,25881,25874,269.53960929404565,179.75717452384566,66.70616488507609,0.03662443286310683,0.024427654611418406,1.3830078125,,
28.368706250000002,1745.9080375,,,,-0.0734375,-0.0490234375,-0.99462890625,0.06924205006887466,6.828166718083791,15.981911182403564,17.767701721191408,26350,26348,283.9533602177218,191.06103518008334,67.31137458123041,0.035747339753458014,0.02405779356870961,1.09951171875,,
28.843672500000004,1757.78643125,,,,-0.10380859375,0.03359375,-0.99755859375,0.07179506221698903,7.099593958696495,15.94022445678711,18.64885015487671,26768,26770,297.26299458956237,201.2693204598994,67.71769156641423,0.035276303369874154,0.023887139589833763,0.90322265625,,
29.314871250000003,1769.56990625,,,,-0.065234375,0.03095703125,-1.02041015625,0.07466439512018065,7.37524569634593,15.89482946395874,19.634544944763185,27151,27142,312.0829126019812,212.22978154600938,68.010351912584,0.034756336132162745,0.023636203403960356,0.7587890625,,
29.790926750000004,1781.4575187499995,,,,-0.06806640625,0.00009765625,-1.01142578125,0.07813755758793815,7.646483508185744,15.846865320205689,20.550744915008544,27357,27546,325.65995082302004,225.40930626223795,69.23300141975824,0.03393265955197385,0.023486449060516706,0.65166015625,,
30.274684750000006,1793.5481062500003,,,,0.00322265625,0.01279296875,-0.9697265625,0.08054531858616294,7.904392084107692,15.80033540725708,21.52082977294922,27699,27930,340.0296522440831,235.5900431429041,69.30216651431621,0.03355564504158829,0.02325156871193812,0.66181640625,,
30.751052500000004,1805.4782875,,,,0.0724609375,0.06259765625,-0.99912109375,0.08255927338909465,8.13878249629562,15.756225824356079,22.39576063156128,28075,28257,352.86917059641246,244.30295602451406,69.23475906535802,0.03331597510117138,0.0230657174858803,0.9330078125,,
31.21727925,1817.12949375,,,,-0.15400390625,-0.10986328125,-1.032421875,0.08617505640614255,8.365923103780705,15.707195901870728,23.45030870437622,28594,28591,368.3345530010814,258.0196186919966,70.05168371535103,0.03242895988204898,0.022714762622885853,1.3634765625,,
31.689723749999995,1828.9455312500002,,,,0.16201171875,0.05361328125,-0.91005859375,0.08864001688274058,8.625578993966984,15.655897378921509,24.430219459533692,28910,28907,382.47151143848157,268.3321476705862,70.16110391298422,0.03214799838596973,0.022554352972126573,1.6609375,,
32.161060750000004,1840.7156437500003,,,,-0.0681640625,0.00400390625,-1.000390625,0.09166630675125961,8.860318713919897,15.608660459518433,25.439234828948976,29181,29180,397.06844494791966,280.1091858015887,70.54480105696395,0.031634039046178175,0.022315538413543792,1.726953125,,
32.6346425,1852.5577500000004,,,,-0.03154296875,0.0490234375,-0.94033203125,0.0942701171238104,9.142549307312994,15.557654333114623,26.427866554260255,29454,29457,411.15090703968826,290.80697546136605,70.72846433913152,0.03144134474457779,0.02223737886101258,1.7052734375,,
33.10984425,1864.4366687499999,,,,-0.00146484375,0.01533203125,-1.03447265625,0.09878545863610705,9.396930547779263,15.502743434906005,27.60975866317749,29521,29697,428.0206457301022,307.2181401548632,71.77983661344771,0.03058816624613525,0.021955694248573267,1.66689453125,,
33.5915775,1876.4729312499999,,,,-0.1283203125,-0.05224609375,-0.96962890625,0.10062379251214186,9.714130329616184,15.447557926177979,28.660352611541747,29939,29937,442.7265226291832,315.45633598638034,71.26010721147124,0.030795028110275964,0.021942748585192236,1.856640625,,
34.06321874999999,1888.2745312499999,,,,0.0015625,-0.05244140625,-0.99375,0.103039924861738,9.930787522317779,15.393100833892822,29.780796623229982,30195,30195,458.4130008188916,325.82251771303703,71.08167191006694,0.03048128202033135,0.021665604562320032,2.146875,,
34.538188000000005,1898.5889187500002,,,,-0.05498046875,0.0267578125,-1.02705078125,0.10445543250169823,9.990753748248903,15.366457414627074,30.060866260528563,30270,30259,461.92889557184196,330.9860545975277,71.65322479320736,0.030185061186175713,0.021628326753871503,2.49990234375,,
35.031577500000004,1900,,,,-0.02724609375,-0.02734375,-0.96982421875,0.10496960629978887,9.934968082403019,15.352483034133911,29.97062454223633,30231,30229,460.12355872953793,332.28726268523127,72.21724147694458,0.029899287813744,0.02159194977942038,2.5931640625,,
35.52474475000001,1898.76290625,,,,-0.04521484375,-0.02353515625,-0.97431640625,0.10432369589107444,9.917341236588712,15.340121126174926,29.936504936218263,29981,30193,459.2296438305684,329.847607915989,71.82624810264107,0.03006729846094856,0.021595639598682385,2.6044921875,,
35.99420150000001,1888.8860312499996,,,,-0.058203125,0.0126953125,-1.00439453125,0.10295044067880828,9.974603006761367,15.331610059738159,29.775082397460938,30101,30103,456.49879421405666,324.54547947538947,71.09467239038143,0.030735880498253643,0.02185081858492998,2.53330078125,,
36.45558750000001,1877.3591437499995,,,,-0.05400390625,0.08515625,-0.993359375,0.10145797700718821,9.75366923795763,15.353364181518554,28.797175884246826,29599,29805,442.1319026221133,316.6667461583062,71.62451340251225,0.03080177803373913,0.022061429904092694,2.357421875,,
36.9281545,1865.5534437499998,,,,-0.16494140625,-0.12236328125,-1.073828125,0.09755753924522492,9.529643487544684,15.3836106300354,27.627030181884766,29508,29508,424.9985896869439,301.4686609760986,70.93101190228488,0.031619797670404313,0.022425280760464916,2.19677734375,,
37.4163795,1853.3550687500003,,,,-0.19150390625,0.12138671875,-1.021875,0.09330411676226916,9.185196259937374,15.416162157058716,26.416462326049803,29212,29215,407.23724505829875,285.45898692031983,70.09907296544174,0.032178637451951375,0.02255645855350745,2.10439453125,,
37.8874925,1841.55975,,,,0.08154296875,-0.23193359375,-0.9796875,0.08965190165327551,8.891745612004922,15.44807963371277,25.32488441467285,28903,28901,391.2177258921536,271.34651801553105,69.35794340850869,0.032775308737426435,0.022729309871694654,2.00087890625,,
38.35507950000001,1829.8766124999995,,,,-0.0896484375,-0.04580078125,-1.0119140625,0.08631271057275473,8.57408076037514,15.483907747268677,24.219667053222658,28611,28610,375.0068969911499,258.6013415318501,68.97761914561961,0.03315746685675841,0.022869470005369874,1.710546875,,
38.8348355,1817.89440625,,,,-0.09326171875,0.00126953125,-0.9841796875,0.08379121427308074,8.244740560488703,15.518131542205811,23.118192863464355,28054,28253,358.74838301136333,247.91829524734948,69.11104204157752,0.03325787301602447,0.02298386324975202,1.38076171875,,
39.3103775,1805.9900499999997,,,,-0.06787109375,0.0873046875,-0.9552734375,0.0827899145048531,8.000682634259707,15.550980472564698,22.10166988372803,27912,27912,343.698664901535,241.99414025231664,70.42012247497141,0.03306632948531828,0.023282197898660192,1.15537109375,,
39.78132375,1794.228025,,,,-0.080078125,0.10234375,-1.01767578125,0.08006746917979532,7.781920095835309,15.581103229522705,21.21248655319214,27552,27548,330.503537378126,231.00871311290385,69.9124595672402,0.033708172843104546,0.023556699782215258,0.9611328125,,
40.2554255,1782.365825,,,,-0.07568359375,-0.01708984375,-1.03154296875,0.07523234311634283,7.542592350075586,15.619229507446288,20.064762687683107,27137,27141,313.39380219914267,213.83209868047612,68.2323072637288,0.035275449199490834,0.024068796803733705,0.780078125,,
40.73174375000001,1770.45988125,,,,-0.0734375,0.033984375,-0.99814453125,0.07313477824473087,7.317637373987665,15.650237894058227,19.1590313911438,26774,26774,299.83510056679415,205.06739344933604,68.42086991102649,0.03570097549008273,0.024417966097735243,0.7333984375,,
41.20477275000001,1758.6355875000002,,,,-0.0072265625,0.01875,-0.99013671875,0.07010923804944338,7.058169804803675,15.684463453292846,18.27906141281128,26360,26353,286.6932937440961,193.48939398959075,67.50423568285585,0.036483563471217575,0.024624015719926885,0.85390625,,
41.67419350000001,1746.8993624999996,,,,-0.08017578125,-0.04482421875,-0.97822265625,0.06687424585476667,6.822967950649998,15.72059497833252,17.266089916229248,25931,25927,271.43049794240403,181.5794218908756,66.90644608615516,0.037581345040994155,0.025140680008238988,0.97685546875,,
42.15213625,1734.9590437499999,,,,-0.2728515625,-0.02861328125,-1.0837890625,0.06395314367444119,6.517667480591126,15.751392459869384,16.434756374359132,25481,25486,258.8677629409343,170.6949987733846,65.95604074590082,0.03818716743801959,0.025184609918332677,1.20439453125,,
42.62737800000001,1723.0692874999997,,,,-0.0697265625,0.0431640625,-0.99873046875,0.06073157905055815,6.216773348113254,15.78623652458191,15.549416255950927,25026,25020,245.4643255887892,159.1386334105353,64.83001562585312,0.03907699647447247,0.025328504542785246,1.33427734375,,
43.09527899999999,1711.36858125,,,,-0.07509765625,0.103125,-1.02373046875,0.05768003955966853,5.9396012091601165,15.817612266540527,14.734306716918946,24538,24536,233.05855656132584,148.21902267424926,63.60366172447543,0.04008440406811701,0.025490976101025305,1.2,,
43.57080500000001,1699.4892937500001,,,,-0.6794921875,0.06923828125,-0.9119140625,0.05489032729952851,5.664681347852961,15.84828314781189,13.88654441833496,24026,24027,220.07319047103732,138.1183045563351,62.79654506996444,0.041027597693198685,0.02575690662567743,1.27587890625,,
44.044585500000004,1687.6421687499994,,,,-0.09599609375,-0.0251953125,-0.97275390625,0.052491726505582356,5.42135399633579,15.884930562973022,13.080136156082153,23579,23577,207.7734448722625,129.6088449396669,62.40694323839806,0.04183526103613768,0.02610349175921975,1.17509765625,,
44.5184485,1675.7939687499997,,,,-0.07294921875,0.0197265625,-0.99638671875,0.050146452707046506,5.158530436113937,15.920400619506836,12.252095603942871,23146,23147,195.05476663918574,121.56374558717489,62.348445156202686,0.042442917174906385,0.0264563443771734,0.91767578125,,
44.991167,1663.9737687499996,,,,0.0142578125,-0.01455078125,-0.9896484375,0.04487876761480291,4.755263352059111,15.975829219818115,10.714742946624757,22303,22307,171.17335296536754,104.86747011201244,61.27212521470748,0.04537837266337442,0.02778895839804022,0.79169921875,,
45.45769225000001,1652.3005749999998,,,,-0.00068359375,0.11396484375,-1.0130859375,0.04258786942782703,4.517177784092908,16.00265293121338,10.048402214050293,21653,21803,160.7998368410103,97.24691156367417,60.47915073136227,0.04645954938809156,0.028095157139093666,0.7544921875,,
45.922335249999996,1640.6925499999993,,,,-0.05546875,0.0322265625,-0.98642578125,0.04084455357729425,4.308963991223233,16.024792671203613,9.55258231163025,21241,21396,153.07612015965532,91.52343399670642,59.815108367501026,0.04709811419029598,0.02816651038679804,0.82021484375,,
46.390020250000006,1629.0005374999996,,,,0.00439453125,-0.24462890625,-0.9357421875,0.03909558421444677,4.129097494165845,16.048770332336424,9.0523202419281,20979,20979,145.27743935084808,85.89550935044,59.152734103285965,0.048081316750516495,0.028439832849851267,1.0498046875,,
46.860436500000006,1617.2432375000003,,,,-0.097265625,0.01650390625,-1.056640625,0.037195961915857965,3.997849941046622,16.071290016174316,8.677711153030396,20613,20616,139.45923111892142,80.31110241246208,57.65217940966001,0.04981534321241886,0.028706141718894965,1.439453125,,
47.321855000000006,1605.692525,,,,-0.06630859375,-0.0076171875,-0.99443359375,0.03548428533451284,3.7949384921619997,16.095310115814208,8.176654624938966,20181,20182,131.60469913710776,74.99922884585796,57.001794629122415,0.050610409436995546,0.028847064936664363,1.37958984375,,
47.78686275000001,1594.074875,,,,-0.0884765625,-0.02294921875,-1.01689453125,0.0339911495434048,3.6158978380881823,16.11571388244629,7.77585129737854,19775,19775,125.31282147373027,70.39429271776136,56.18762541821907,0.05138272298046116,0.028866367853870086,1.10283203125,,
48.25996575,1582.2518937499997,,,,-0.12275390625,-0.1111328125,-0.9703125,0.03238175777999999,3.4771584323896385,16.134536838531496,7.3580821514129635,19384,19382,118.71879315635297,65.72792775264193,55.38643715847411,0.05291782681494607,0.02930154784617103,0.9640625,,
48.730062249999996,1570.50291875,,,,-0.0708984375,0.045703125,-1.03408203125,0.03120895109010722,3.3505899175193363,16.151599407196045,7.059622645378113,19038,19032,114.0222672826762,62.209336981030575,54.63250770171154,0.05392401330460129,0.029421848544822646,0.92392578125,,
49.20587175000001,1558.6184187499996,,,,-0.04296875,0.00234375,-0.99912109375,0.02962129882344531,3.196162264559467,16.17084197998047,6.671174573898315,18622,18622,107.8778218475336,57.77002298925446,53.55843260440897,0.05536287512532082,0.02963880634901021,0.86435546875,,
49.688075000000005,1546.5611624999997,,,,-0.12724609375,-0.38935546875,-0.99296875,0.028118016857469546,3.051462314365784,16.189638710021974,6.303600525856018,18202,18200,102.05261893843426,53.597063606096086,52.52818308013106,0.05695976647679894,0.029911372413552986,1.06630859375,,
50.16019275000001,1534.7468124999998,,,,-0.05419921875,0.03603515625,-0.98759765625,0.02650202825453089,2.890717415209749,16.207257556915284,5.9238543033599855,17785,17786,96.00899459134189,49.366276945025646,51.43777988251586,0.05856608696010554,0.030119641451666603,1.2865234375,,
50.629450250000005,1523.0178062499995,,,,-0.08681640625,0.020703125,-1.0283203125,0.025483373215896953,2.764712940348388,16.226218891143798,5.693168997764587,17414,17414,92.37825083449279,46.475978326578,50.328991415057885,0.05950615140560224,0.0299410853310872,1.0125,,
51.1044505,1511.1446812499998,,,,-0.05361328125,-0.01474609375,-0.99013671875,0.024699837970278016,2.6738375329229456,16.238476276397705,5.325029635429383,17098,17095,86.4698610017435,44.21894281079507,51.18794182445842,0.06048818499631764,0.030957872808296025,0.80830078125,,
51.57609325000001,1499.3455312499998,,,,-0.04423828125,-0.03837890625,-0.99638671875,0.022851573716241042,2.539601768605627,16.255722522735596,5.114037895202637,16633,16639,83.132063659288,39.818376662677956,47.94424488914383,0.06380225327063269,0.030575230220707517,0.8080078125,,
52.04358574999999,1487.6615749999996,,,,-0.09873046875,0.1658203125,-1.03662109375,0.02184569527610348,2.4243099893480395,16.269211864471437,4.849546885490417,16286,16283,78.89776288716135,37.25422259009749,47.240869081728974,0.06512134952080559,0.030752548407360653,0.93349609375,,
52.51348225,1475.9176062499998,,,,-0.08994140625,0.06064453125,-1.008984375,0.02063947662404774,2.3023538621506034,16.282362365722655,4.581425261497498,15924,15927,74.59611760040752,34.42653110331127,46.18098732526939,0.06691243365014693,0.030884888994563816,0.93759765625,,
52.98486775,1464.1251499999998,,,,-0.061328125,0.059375,-0.98798828125,0.019252202906145717,2.1797760921711054,16.29720811843872,4.318043994903564,15544,15546,70.37187817712466,31.346432952972833,44.56891078496848,0.06956410410528809,0.030993149558585776,0.69912109375,,
53.453582749999995,1452.4192749999997,,,,-0.0572265625,-0.0455078125,-0.99453125,0.018261181080414683,2.062242368690177,16.311344718933107,4.113113701343536,15175,15177,67.08987840984221,29.026537705869988,43.28581978026243,0.07110452901357997,0.030761234052242237,0.5796875,,
53.926647249999995,1440.5838999999996,,,,0.02646484375,0.07548828125,-1.00859375,0.017229255844886007,1.957541984155475,16.323863792419434,3.916762578487396,14798,14802,63.93624890690508,26.707113125699788,41.83542750349674,0.07332045129655018,0.030657149200226504,0.68662109375,,
54.39088975,1428.9821874999993,,,,-0.09560546875,-0.02548828125,-1.002734375,0.016054739536228935,1.864958948347507,16.33656997680664,3.677565312385559,14413,14415,60.07844644516915,24.236191961193974,40.38427815031151,0.07698609703118564,0.031069847167627285,0.866015625,,
54.868659,1417.0393374999999,,,,-0.038671875,0.0111328125,-0.993359375,0.015108472646915963,1.7648360588753336,16.346260356903077,3.524555027484894,14035,14039,57.611645499035106,22.22421839696103,38.7495775738721,0.07992790889288746,0.03076751183498411,0.79921875,,
55.34401325000001,1405.15480625,,,,-0.083984375,0.06962890625,-0.98427734375,0.014109902494933286,1.6657810533396367,16.359798622131347,3.2675003170967103,13630,13635,53.45489741442479,20.15243103270716,37.82802045170154,0.08298046888476199,0.031239698307020534,0.797265625,,
55.81758225000001,1393.3182812499997,,,,-0.04443359375,-0.00693359375,-0.988671875,0.013309525531467706,1.5684226054040133,16.370079231262206,3.0688573241233827,13234,13236,50.23741073733297,18.45093557230543,36.78714528938909,0.08505368177630061,0.03126703721872441,0.85703125,,
56.29151475000001,1381.4664374999998,,,,-0.0380859375,0.075390625,-0.99091796875,0.012273282839657965,1.4709764566545678,16.381836795806883,2.9365859150886537,12836,12839,48.106581802347684,16.503136468198754,34.373848970300216,0.08917317450299397,0.030623475313115333,0.69228515625,,
56.77112125000001,1369.4811437499998,,,,-0.0857421875,-0.06181640625,-0.9701171875,0.011350324926872437,1.3776844476615098,16.391104793548585,2.730985629558563,12437,12441,44.76378513110942,14.79276217632857,33.05542861376674,0.09326158237768173,0.030800731632857063,0.5609375,,
57.24328725,1357.6726687499997,,,,0.002734375,0.0126953125,-1.0017578125,0.01033983266289252,1.2847480330315986,16.40090665817261,2.5883352994918822,12050,12051,42.45032282869213,13.053256460668587,30.898993772137498,0.0990647432412325,0.030401713750126323,0.50126953125,,
57.717019249999986,1345.8298062500003,,,,-0.060546875,0.04208984375,-0.9966796875,0.00946631045182141,1.1941462449447773,16.411647033691406,2.4118129134178163,11610,11614,39.581697939984245,11.51426665697867,29.114448688104137,0.10377561255208513,0.0301964374934835,0.53076171875,,
58.18758975000001,1334.0596062499997,,,,-0.05205078125,-0.02119140625,-0.99619140625,0.008594910612115352,1.1185187459664823,16.42133798599243,2.2583065748214723,11181,11185,37.08415543299755,10.073057599108918,27.226587217922646,0.11166432582877717,0.0302190739225928,0.56806640625,,
58.655806000000005,1322.3552312499996,,,,-0.03046875,0.03486328125,-1.009375,0.007821722366660979,1.0195422121307824,16.429829788208007,2.100662964582443,10703,10705,34.51340869315057,8.772597775164014,25.44449009730112,0.11650739629361814,0.029578876801623837,0.59501953125,,
59.12377550000001,1310.6522437499996,,,,-0.03583984375,-0.1505859375,-0.97587890625,0.006977002031737315,0.9463263297523965,16.438549613952638,1.9296540856361388,10298,10300,31.7204965727582,7.529531392407122,23.813675393491152,0.1265069434484498,0.029886273222967406,0.6810546875,,
59.600675,1298.7533687500004,,,,-0.01728515625,-0.03974609375,-1.00126953125,0.006259859749981232,0.8610711964746969,16.448413944244386,1.8108791708946228,9829,9833,29.785827954374657,6.452480889669458,21.748861993790513,0.13642830438516826,0.028988751984978304,0.69892578125,,
60.08030675,1286.74376875,,,,-0.02802734375,0.0990234375,-1.0076171875,0.005273674376272794,0.7774371054598673,16.456598949432372,1.6688353419303894,9337,9340,27.463190550180194,5.161786187274532,18.824585792725497,0.1521253332480348,0.028342187264363248,0.558203125,,
60.550030500000005,1275.0010562499997,,,,-0.08056640625,0.01474609375,-0.99658203125,0.004452434061477441,0.706768721592821,16.464503383636476,1.5578332364559173,8878,8883,25.6488019545421,4.147568985215569,16.166409984899268,0.17427409594288448,0.027612780103679194,0.46748046875,,
61.020848,1263.2424312499998,,,,-0.05830078125,-0.0416015625,-0.99970703125,0.0036765522706354624,0.628604981821926,16.47193260192871,1.386407768726349,8385,8390,22.83671586036862,3.2321752600259197,14.194667934621043,0.19639292515049417,0.027563329590132146,0.43388671875,,
61.49859875,1251.2819312499996,,,,-0.04111328125,0.01787109375,-0.9875,0.0032332463370352673,0.5608487468540351,16.478906536102294,1.3007875382900238,7884,7890,21.435493398025574,2.673363626364205,12.468938373848658,0.21242550179276357,0.026190286545634295,0.41005859375,,
61.96355275,1239.6613062499996,,,,-0.0599609375,0.06015625,-1.0166015625,0.0026137999017475403,0.4985106178990758,16.486686515808106,1.2149798691272735,7423,7431,20.030737003632783,2.0404568827825424,10.296915119233685,0.2854017328301181,0.024990479748326504,0.44052734375,,
62.42850975000001,1228.028225,,,,-0.08212890625,-0.082421875,-0.97451171875,0.001789303738893271,0.4383304260762347,16.493943881988525,1.1083490312099458,6889,6897,18.281015151519863,1.2964748030163942,7.102313759238319,0.3617797032790514,0.023999965632196682,0.4578125,,
62.88998675000001,1216.4890124999997,,,,-0.06328125,0.00732421875,-0.99599609375,0.0011121415434672088,0.3775365293400501,16.50010061264038,1.01791090965271,6396,6403,16.79550843599431,0.7656302562990447,4.598905558831557,0.45326852454915684,0.0225448277511538,0.37578125,,
63.35445850000001,1204.8922874999996,,,,-0.03583984375,-0.009375,-0.99873046875,0.00043904513851607794,0.32034177928879976,16.507333087921143,0.9488772422075271,5892,5901,15.663050050993627,0.5233572228688993,3.486950996979484,0.3621394905921958,0.020613412024064973,0.32978515625,,
63.82140449999999,1193.2068999999997,,,,-0.05966796875,-0.0068359375,-0.9978515625,0.0000062187856337362135,0.26483139443743975,16.514349269866944,0.8569539427757263,5357,5365,14.151932096929698,0.20258828570438364,1.4809210791724279,0.09448893575515262,0.018795273229375485,0.281640625,,
64.28857475000001,1181.54161875,,,,-0.0373046875,-0.00576171875,-0.9939453125,-0.0006668671607987113,0.21999863040317644,16.5211012840271,0.7829633384943009,4825,4839,12.9353845804142,0.42506690271165876,3.2766328746633855,0.32560475467050026,0.016999937208848733,0.2640625,,
64.7642495,1169.6527437499994,,,,-0.0537109375,-0.00107421875,-0.99677734375,-0.0009180156411775422,0.17863964111599986,16.527161502838133,0.7213498085737229,4284,4296,11.921799888375096,0.4459272312198988,3.7528190064918605,0.4115096980897646,0.01500868759429898,0.3146484375,,
65.23509325,1157.8676624999998,,,,-0.0765625,0.012890625,-0.99365234375,-0.0015635001624475168,0.14224771519413887,16.53225984573364,0.6635349780321121,3724,3740,10.969711866913372,0.6114293503553379,5.574164227218578,0.2396147224517838,0.012962452267344146,0.25419921875,,
65.704064,1150.18011875,,,,-0.00849609375,-0.03681640625,-0.9982421875,-0.0013963050159842428,0.11465038007920156,16.53594970703125,0.6343906939029693,3290,3298,10.490224837593406,0.5331121551658926,5.127904044822177,0.2684618608323434,0.010969785921197774,0.27353515625,,
66.19300550000001,1150,,,,-0.06220703125,0.0119140625,-0.99697265625,-0.0010840819791366485,0.11387345901482936,16.53856372833252,0.6380178332328796,3238,3256,10.551850047638306,0.39054138620184825,3.6554626615464207,0.3510212324739908,0.010836920459310898,0.235546875,,
